,text
0,RT @NoPosco: @UNDP_India @PrakashJavdekar @moefcc @UNFCCC @UNBiodiversity @UNEP_AsiaPac @CITES @UNinIndia @WWFINDIA @UNDPasiapac @UNDPClimaâ€¦
1,"à¤•à¤¿à¤¸à¤¾à¤¨ à¤•à¤¾ à¤—à¥‡à¤¹à¥‚à¤ 17 à¤°à¥à¤ªà¤ à¤•à¤¿à¤²à¥‹ à¤”à¤° !

à¤¬à¤¾à¤¬à¤¾ à¤°à¤¾à¤®à¤¦à¥‡à¤µ à¤•à¤¾ à¤†à¤Ÿà¤¾ 35 à¤°à¥à¤ªà¤¯à¥‡ à¤•à¤¿à¤²à¥‹ ?

à¤‡à¤¤à¤¨à¤¾ à¤­à¥€ à¤¸à¥à¤µà¤¦à¥‡à¤¶à¥€ à¤¨à¤¾ à¤…à¤ªà¤¨à¤¾à¤‡à¤¯à¥‡ 
à¤¨à¤¹à¥€ à¤¤à¥‹ à¤²à¥à¤Ÿ à¤œà¤¾à¤¯à¥‡à¤—à¥‡â€¦ https://t.co/mA76MVsWqF"
2,"à¤Ÿà¥à¤°à¥ˆà¤¨ à¤®à¥‡à¤‚ à¤²à¥‹à¤— à¤•à¥à¤¯à¥‹à¤‚ à¤®à¤° à¤°à¤¹à¥‡ à¤¹à¥ˆ? 
#indiarailways #indiafigthtscovid19 #narendramodi_primeminister #narendramodiâ€¦ https://t.co/JBT9vD2gRL"
3,#nifty and #banknifty are #atmnirbhar now
4,RT @jaikumar_sharma: @santoshbjym Just by being #AtmNirbhar -&gt; be vocal about local is sufficient to counter China!
5,@santoshbjym Just by being #AtmNirbhar -&gt; be vocal about local is sufficient to counter China!
6,"à¤à¤• à¤ªà¥à¤°à¤¯à¤¾à¤¸ à¤†à¤¤à¥à¤®à¤¨à¤¿à¤°à¥à¤­à¤°à¤¤à¤¾ à¤•à¤¿ à¤”à¤°...VOCAL FOR LOCAL (Contact- 8411078484)

#à¤†à¤¤à¥à¤®à¤¨à¤¿à¤°à¥à¤­à¤°à¤¤à¤¾ #AtmaNirbharBharatAbhiyanâ€¦ https://t.co/Dh4F8kTGg6"
7,Modi or Amit shah ko maan jau me sir Mundwa lunga agar  jis din arkashan ki bheekh khatam ho jayegi #atmnirbhar bano sab
8,"My Friend Zeeshan Alam Just Got Terminated From His Job At Novotel, Bengaluru And Became an #Atmnirbhar Now.
2Cr Joâ€¦ https://t.co/MTuQLKpdCj"
9,"RT @cskkanu: Strong message for #GoldDigger #BloodSucker Women from @PMOIndia

#AtmNirbhar Bano 

Time to Scrap all the maintenance and aliâ€¦"
10,RT @chandan_samant: #FakeCases karne waliyo #GenderBiasedLaws ka misuse karne waliyo aur padhi likhi naukri karne layak lekin khud ko courtâ€¦
11,RT @chandan_samant: #FakeCases #GenderBiasedLaws ka misuse karne wali aur padhi likhi naukri karne layak lekin khud ko adalat me abla nariâ€¦
12,RT @Arjun099999: we don't want any general promotion because we are #atmnirbhar but What if something happens to a student @narendramodi @Câ€¦
13,#Indiafightsback #PadegaIndia #study #Higherstudy #kanpur #fightagainstcorona Atlas Study Consultant- One stop soluâ€¦ https://t.co/NmHwfYbT6r
14,RT @chandan_samant: #FakeCases #GenderBiasedLaws ka misuse karne wali aur padhi likhi naukri karne layak lekin khud ko adalat me abla nariâ€¦
15,RT @chandan_samant: #FakeCases karne waliyo #GenderBiasedLaws ka misuse karne waliyo aur padhi likhi naukri karne layak lekin khud ko courtâ€¦
16,"@TimesNow @BJP4India @ShivSena @INCIndia @thenewshour Don't try to topple any more state govt, try to be #AtmNirbhar"
17,@imvivekgupta @raydeep @amitabhnews18 @ReporterVikrant Mere samajh me ye baat nhi aati agar CM fail to rastpati shaâ€¦ https://t.co/ABeK95O1fc
18,we don't want any general promotion because we are #atmnirbhar but What if something happens to a studentâ€¦ https://t.co/TTOs2SbsWx
19,"@WeekendInvestng Indian version

#atmnirbhar bharath hearing test. https://t.co/b1Mna2va3A"
20,RT @imbesatahmad: 6000+ new cases every day for last 5 days. It's clear lockdown wasn't efficient. Mostly slow rate of initial days testingâ€¦
21,6000+ new cases every day for last 5 days. It's clear lockdown wasn't efficient. Mostly slow rate of initial days tâ€¦ https://t.co/KdUZuONJU2
22,"à¤Ÿà¥à¤°à¥ˆà¤¨ à¤•à¥€ #à¤†à¤¤à¥à¤®à¤¨à¤¿à¤°à¥à¤­à¤° à¤µà¤¾à¤²à¥€ à¤¹à¤¾à¤²à¤¾à¤¤ à¤•à¤¾ à¤…à¤‚à¤¦à¤¾à¤œà¤¼à¤¾ à¤‡à¤¸ à¤¬à¤¾à¤¤ à¤¸à¥‡ à¤²à¤—à¤¾à¤¯à¤¾ à¤œà¤¾à¤
60 à¤¸à¤¾à¤²à¥‹à¤‚ à¤®à¥‡à¤‚ à¤•à¤­à¥€ à¤Ÿà¥à¤°à¥‡à¤¨ à¤­à¤Ÿà¤•à¤¨à¥‡ à¤•à¥€ à¤–à¤¼à¤¬à¤° à¤¨à¤¹à¥€ à¤†à¤ˆ, à¤¬à¤¾à¤¤ à¤œà¤¬â€¦ https://t.co/3Eer7zY0LR"
23,"à¤œà¤¨à¤¤à¤¾ à¤•à¥‹ à¤¬à¥‡à¤µà¤•à¥‚à¤« à¤¬à¤¨à¤¾à¤¨à¥‡ à¤®à¥‡à¤‚ à¤®à¥€à¤¡à¤¿à¤¯à¤¾ à¤‡à¤¤à¤¨à¥€ #à¤†à¤¤à¥à¤®à¤¨à¤¿à¤°à¥à¤­à¤° à¤¹à¥‹ à¤šà¥à¤•à¥€ à¤¹à¥ˆ à¤•à¤¿ à¤•à¥à¤› à¤­à¥€ à¤‰à¤ à¤¾ à¤•à¥‡ à¤›à¤¾à¤ª à¤¦à¥‡à¤¤à¥‡ à¤¹à¥ˆà¤‚à¥¤
#AtmNirbharâ€¦ https://t.co/MbPA4l1Tsy"
24,RT @mayankvnmp: @drmncrald @GMNCR1 hmari joining kb hogi sir..... railway etna #atmnirbhar ban gya ki use Loco pilot ki bhi jarurat nahi. Câ€¦
25,"Migrant on Shramik Express dies hungry 
But who says #AtmNirbhar India is not #ShiningIndia ?

Look at the floor ofâ€¦ https://t.co/4SztZSUW3a"
26,"@ssoniisshh1 Modiji k baad, Sonuji aur ab media ne bhi  bin bole keh diya #AtmNirbhar  bano.."
27,RT @mayankvnmp: @drmncrald @GMNCR1 hmari joining kb hogi sir..... railway etna #atmnirbhar ban gya ki use Loco pilot ki bhi jarurat nahi. Câ€¦
28,RT @Manojbijrothiya: @drmncrald @GMNCR1 hmari joining kb hogi sir..... railway etna #atmnirbhar ban gya ki use technician ki bhi jarurat naâ€¦
29,RT @mayankvnmp: @drmncrald @GMNCR1 hmari joining kb hogi sir..... railway etna #atmnirbhar ban gya ki use Loco pilot ki bhi jarurat nahi. Câ€¦
30,RT @mayankvnmp: @drmncrald @GMNCR1 hmari joining kb hogi sir..... railway etna #atmnirbhar ban gya ki use Loco pilot ki bhi jarurat nahi. Câ€¦
31,RT @mayankvnmp: @drmncrald @GMNCR1 hmari joining kb hogi sir..... railway etna #atmnirbhar ban gya ki use Loco pilot ki bhi jarurat nahi. Câ€¦
32,RT @mayankvnmp: @drmncrald @GMNCR1 hmari joining kb hogi sir..... railway etna #atmnirbhar ban gya ki use Loco pilot ki bhi jarurat nahi. Câ€¦
33,@drmncrald @GMNCR1 hmari joining kb hogi sir..... railway etna #atmnirbhar ban gya ki use technician ki bhi jaruratâ€¦ https://t.co/ziEURupTbb
34,RT @mayankvnmp: @drmncrald @GMNCR1 hmari joining kb hogi sir..... railway etna #atmnirbhar ban gya ki use Loco pilot ki bhi jarurat nahi. Câ€¦
35,RT @BhansaRathore: #atmnirbhar  #à¤†à¤¤à¥à¤®à¤¨à¤¿à¤°à¥à¤­à¤° à¤‡à¤¸ à¤¶à¤¬à¥à¤¦ à¤•à¥‹ à¤¹à¤•à¤¼à¥€à¤•à¤¼à¤¤ à¤®à¥‡à¤‚ à¤¬à¤¦à¤²à¤¨à¤¾ à¤­à¥€ à¤œà¤°à¥‚à¤°à¥€ à¤¹à¥ˆ #GraminBank  à¤•à¥‹ sponsored banks à¤¸à¥‡ à¤†à¤œà¤¼à¤¾à¤¦ à¤•à¤°à¤¨à¤¾ à¤œà¤°à¥‚à¤°à¥€ à¤¹à¥ˆâ€¦
36,@myogioffice @smritiirani @rautsanjay61 Aisa lgta hai yogiji ke up me koi rojgar hai hi nhi isliye up valo ko idharâ€¦ https://t.co/pvtV4xea0B
37,RT @mayankvnmp: @drmncrald @GMNCR1 hmari joining kb hogi sir..... railway etna #atmnirbhar ban gya ki use Loco pilot ki bhi jarurat nahi. Câ€¦
38,#atmnirbhar  #à¤†à¤¤à¥à¤®à¤¨à¤¿à¤°à¥à¤­à¤° à¤‡à¤¸ à¤¶à¤¬à¥à¤¦ à¤•à¥‹ à¤¹à¤•à¤¼à¥€à¤•à¤¼à¤¤ à¤®à¥‡à¤‚ à¤¬à¤¦à¤²à¤¨à¤¾ à¤­à¥€ à¤œà¤°à¥‚à¤°à¥€ à¤¹à¥ˆ #GraminBank  à¤•à¥‹ sponsored banks à¤¸à¥‡ à¤†à¤œà¤¼à¤¾à¤¦ à¤•à¤°à¤¨à¤¾ à¤œà¤°à¥‚â€¦ https://t.co/5xgfJld42u
39,RT @mayankvnmp: @drmncrald @GMNCR1 hmari joining kb hogi sir..... railway etna #atmnirbhar ban gya ki use Loco pilot ki bhi jarurat nahi. Câ€¦
40,RT @mayankvnmp: @drmncrald @GMNCR1 hmari joining kb hogi sir..... railway etna #atmnirbhar ban gya ki use Loco pilot ki bhi jarurat nahi. Câ€¦
41,RT @mayankvnmp: @drmncrald @GMNCR1 hmari joining kb hogi sir..... railway etna #atmnirbhar ban gya ki use Loco pilot ki bhi jarurat nahi. Câ€¦
42,RT @mayankvnmp: @drmncrald @GMNCR1 hmari joining kb hogi sir..... railway etna #atmnirbhar ban gya ki use Loco pilot ki bhi jarurat nahi. Câ€¦
43,RT @mayankvnmp: @drmncrald @GMNCR1 hmari joining kb hogi sir..... railway etna #atmnirbhar ban gya ki use Loco pilot ki bhi jarurat nahi. Câ€¦
44,RT @mayankvnmp: @drmncrald @GMNCR1 hmari joining kb hogi sir..... railway etna #atmnirbhar ban gya ki use Loco pilot ki bhi jarurat nahi. Câ€¦
45,RT @mayankvnmp: @drmncrald @GMNCR1 hmari joining kb hogi sir..... railway etna #atmnirbhar ban gya ki use Loco pilot ki bhi jarurat nahi. Câ€¦
46,@drmncrald @GMNCR1 hmari joining kb hogi sir..... railway etna #atmnirbhar ban gya ki use Loco pilot ki bhi jaruratâ€¦ https://t.co/QPbbwDOZo2
47,"@sagarikaghose You mean all Indians should work in UAE like slaves leaving their parents, family members in India.â€¦ https://t.co/xPFWcPtgwj"
48,"Did he just declared under states to be #atmnirbhar ? 
Will it be a boom for other states? States like Maharashtraâ€¦ https://t.co/vhtmhQVQi6"
49,#atmnirbhar #bharat https://t.co/xSIiVZJqnH
50,RT @kunfaaya: Sacch hi hoga. He made Indian trains so #Atmnirbhar that a train scheduled for Gorakhpur reaches Rourkela.
51,RT @kunfaaya: Sacch hi hoga. He made Indian trains so #Atmnirbhar that a train scheduled for Gorakhpur reaches Rourkela.
52,RT @chandan_samant: #FakeCases karne waliyo #GenderBiasedLaws ka misuse karne waliyo aur padhi likhi naukri karne layak lekin khud ko courtâ€¦
53,#Atmnirbhar bne aur akele kheleğŸ”¥ Peace âœŒï¸ https://t.co/jmJja0VDut
54,RT @kunfaaya: Sacch hi hoga. He made Indian trains so #Atmnirbhar that a train scheduled for Gorakhpur reaches Rourkela.
55,RT @kunfaaya: Sacch hi hoga. He made Indian trains so #Atmnirbhar that a train scheduled for Gorakhpur reaches Rourkela.
56,"RT @VtvGujarati: Audio / àª°àª¾àªœàª•à«‹àªŸ: àª­àª¾àªœàªªàª¨àª¾ àª¨à«‡àª¤àª¾ àªœà«‡àª¨à«àª¤àª¿ àª¢à«‹àª²àª¨à«€ àª“àª¡àª¿àª¯à«‹ àª•à«àª²àª¿àªª àªµàª¾àª¯àª°àª², àª†àª¤à«àª®àª¨àª¿àª°à«àª­àª° àª—à«àªœàª°àª¾àª¤ àª¯à«‹àªœàª¨àª¾àª¨à«‡ àª•àª¹à«€ àª–à«‹àªŸà«€

#atmnirbhar #CMrupani #Covâ€¦"
57,"RT @VtvGujarati: Audio / àª°àª¾àªœàª•à«‹àªŸ: àª­àª¾àªœàªªàª¨àª¾ àª¨à«‡àª¤àª¾ àªœà«‡àª¨à«àª¤àª¿ àª¢à«‹àª²àª¨à«€ àª“àª¡àª¿àª¯à«‹ àª•à«àª²àª¿àªª àªµàª¾àª¯àª°àª², àª†àª¤à«àª®àª¨àª¿àª°à«àª­àª° àª—à«àªœàª°àª¾àª¤ àª¯à«‹àªœàª¨àª¾àª¨à«‡ àª•àª¹à«€ àª–à«‹àªŸà«€

#atmnirbhar #CMrupani #Covâ€¦"
58,RT @NoPosco: @UNDP_India @PrakashJavdekar @moefcc @UNFCCC @UNBiodiversity @UNEP_AsiaPac @CITES @UNinIndia @WWFINDIA @UNDPasiapac @UNDPClimaâ€¦
59,#atmnirbhar
60,"RT @VtvGujarati: Audio / àª°àª¾àªœàª•à«‹àªŸ: àª­àª¾àªœàªªàª¨àª¾ àª¨à«‡àª¤àª¾ àªœà«‡àª¨à«àª¤àª¿ àª¢à«‹àª²àª¨à«€ àª“àª¡àª¿àª¯à«‹ àª•à«àª²àª¿àªª àªµàª¾àª¯àª°àª², àª†àª¤à«àª®àª¨àª¿àª°à«àª­àª° àª—à«àªœàª°àª¾àª¤ àª¯à«‹àªœàª¨àª¾àª¨à«‡ àª•àª¹à«€ àª–à«‹àªŸà«€

#atmnirbhar #CMrupani #Covâ€¦"
61,RT @kunfaaya: Sacch hi hoga. He made Indian trains so #Atmnirbhar that a train scheduled for Gorakhpur reaches Rourkela.
62,"RT @VtvGujarati: Audio / àª°àª¾àªœàª•à«‹àªŸ: àª­àª¾àªœàªªàª¨àª¾ àª¨à«‡àª¤àª¾ àªœà«‡àª¨à«àª¤àª¿ àª¢à«‹àª²àª¨à«€ àª“àª¡àª¿àª¯à«‹ àª•à«àª²àª¿àªª àªµàª¾àª¯àª°àª², àª†àª¤à«àª®àª¨àª¿àª°à«àª­àª° àª—à«àªœàª°àª¾àª¤ àª¯à«‹àªœàª¨àª¾àª¨à«‡ àª•àª¹à«€ àª–à«‹àªŸà«€

#atmnirbhar #CMrupani #Covâ€¦"
63,"RT @VtvGujarati: Audio / àª°àª¾àªœàª•à«‹àªŸ: àª­àª¾àªœàªªàª¨àª¾ àª¨à«‡àª¤àª¾ àªœà«‡àª¨à«àª¤àª¿ àª¢à«‹àª²àª¨à«€ àª“àª¡àª¿àª¯à«‹ àª•à«àª²àª¿àªª àªµàª¾àª¯àª°àª², àª†àª¤à«àª®àª¨àª¿àª°à«àª­àª° àª—à«àªœàª°àª¾àª¤ àª¯à«‹àªœàª¨àª¾àª¨à«‡ àª•àª¹à«€ àª–à«‹àªŸà«€

#atmnirbhar #CMrupani #Covâ€¦"
64,"RT @VtvGujarati: Audio / àª°àª¾àªœàª•à«‹àªŸ: àª­àª¾àªœàªªàª¨àª¾ àª¨à«‡àª¤àª¾ àªœà«‡àª¨à«àª¤àª¿ àª¢à«‹àª²àª¨à«€ àª“àª¡àª¿àª¯à«‹ àª•à«àª²àª¿àªª àªµàª¾àª¯àª°àª², àª†àª¤à«àª®àª¨àª¿àª°à«àª­àª° àª—à«àªœàª°àª¾àª¤ àª¯à«‹àªœàª¨àª¾àª¨à«‡ àª•àª¹à«€ àª–à«‹àªŸà«€

#atmnirbhar #CMrupani #Covâ€¦"
65,RT @kunfaaya: Sacch hi hoga. He made Indian trains so #Atmnirbhar that a train scheduled for Gorakhpur reaches Rourkela.
66,"Audio / àª°àª¾àªœàª•à«‹àªŸ: àª­àª¾àªœàªªàª¨àª¾ àª¨à«‡àª¤àª¾ àªœà«‡àª¨à«àª¤àª¿ àª¢à«‹àª²àª¨à«€ àª“àª¡àª¿àª¯à«‹ àª•à«àª²àª¿àªª àªµàª¾àª¯àª°àª², àª†àª¤à«àª®àª¨àª¿àª°à«àª­àª° àª—à«àªœàª°àª¾àª¤ àª¯à«‹àªœàª¨àª¾àª¨à«‡ àª•àª¹à«€ àª–à«‹àªŸà«€

#atmnirbharâ€¦ https://t.co/xQZcGSRPBz"
67,RT @kunfaaya: Sacch hi hoga. He made Indian trains so #Atmnirbhar that a train scheduled for Gorakhpur reaches Rourkela.
68,"@Shivgad @ArvindKejriwal Bhosdi valo Modi hai Pakistani madarchodo sudhrr jaao, tumhara bap China= Sikkim, Arunachaâ€¦ https://t.co/TVimZYceff"
69,"RT @cskkanu: Strong message for #GoldDigger #BloodSucker Women from @PMOIndia

#AtmNirbhar Bano 

Time to Scrap all the maintenance and aliâ€¦"
70,RT @chandan_samant: #FakeCases karne waliyo #GenderBiasedLaws ka misuse karne waliyo aur padhi likhi naukri karne layak lekin khud ko courtâ€¦
71,RT @kunfaaya: Sacch hi hoga. He made Indian trains so #Atmnirbhar that a train scheduled for Gorakhpur reaches Rourkela.
72,RT @kunfaaya: Sacch hi hoga. He made Indian trains so #Atmnirbhar that a train scheduled for Gorakhpur reaches Rourkela.
73,RT @IndiaHistorypic: In 1956 Govt of India Established Heavy Electricals (India) Limited (HE(I)L) to Make India Self Reliant ( #atmnirbharâ€¦
74,@AshaAsserts #Atmnirbhar  hebi
75,"@Amiti14 Its an empty word like PSEUDOSECULARISM , Liberal Gang or all such monikers 

It has been proven way backâ€¦ https://t.co/notaUsw2i5"
76,@PoojaBa66182507 @Gu_Darshan_News @Aak_Thu @a_roflTiwari @Tadipaar_HM @ashahadm @dikhavticolonel @bhakt_videshiâ€¦ https://t.co/eMdTCgEc8a
77,RT @kunfaaya: Sacch hi hoga. He made Indian trains so #Atmnirbhar that a train scheduled for Gorakhpur reaches Rourkela.
78,RT @kunfaaya: Sacch hi hoga. He made Indian trains so #Atmnirbhar that a train scheduled for Gorakhpur reaches Rourkela.
79,RT @kunfaaya: Sacch hi hoga. He made Indian trains so #Atmnirbhar that a train scheduled for Gorakhpur reaches Rourkela.
80,RT @kunfaaya: Sacch hi hoga. He made Indian trains so #Atmnirbhar that a train scheduled for Gorakhpur reaches Rourkela.
81,RT @kunfaaya: Sacch hi hoga. He made Indian trains so #Atmnirbhar that a train scheduled for Gorakhpur reaches Rourkela.
82,RT @kunfaaya: Sacch hi hoga. He made Indian trains so #Atmnirbhar that a train scheduled for Gorakhpur reaches Rourkela.
83,"Amazon, Flipkart, Snapdeal, Myntra &amp; Paytm  should add a ""Made-In-India"" filter to help customers discover and buyâ€¦ https://t.co/fpEIPsMBYd"
84,RT @kunfaaya: Sacch hi hoga. He made Indian trains so #Atmnirbhar that a train scheduled for Gorakhpur reaches Rourkela.
85,RT @kunfaaya: Sacch hi hoga. He made Indian trains so #Atmnirbhar that a train scheduled for Gorakhpur reaches Rourkela.
86,RT @kunfaaya: Sacch hi hoga. He made Indian trains so #Atmnirbhar that a train scheduled for Gorakhpur reaches Rourkela.
87,RT @kunfaaya: Sacch hi hoga. He made Indian trains so #Atmnirbhar that a train scheduled for Gorakhpur reaches Rourkela.
88,"#AnilAmbani #COVID19Pandemic #rafel 
#atmnirbhar @tusharcosmoo_g
@sagarikaghose @guardian @PawarSpeaksâ€¦ https://t.co/jEatdJHfPo"
89,"RT @BMynation: Why able, educated, deserting, abusive women need maintenance?

#atmnirbhar bano #women https://t.co/ktINWVgSFd"
90,"RT @BMynation: Why able, educated, deserting, abusive women need maintenance?

#atmnirbhar bano #women https://t.co/ktINWVgSFd"
91,"adhi zindgi baap ki nazro me chutiya tha .
ab adhi zindgi bete ki nzro me chutiya ni rhna 
          - Hathiram chaâ€¦ https://t.co/vPMtSgpBO9"
92,"RT @BMynation: Why able, educated, deserting, abusive women need maintenance?

#atmnirbhar bano #women https://t.co/ktINWVgSFd"
93,RT @kunfaaya: Sacch hi hoga. He made Indian trains so #Atmnirbhar that a train scheduled for Gorakhpur reaches Rourkela.
94,If you think everything is normal! People like Tilak Raj ji are facing lots of troubles to earn their livelihood. Hâ€¦ https://t.co/iYG8Z178ka
95,RT @kunfaaya: Sacch hi hoga. He made Indian trains so #Atmnirbhar that a train scheduled for Gorakhpur reaches Rourkela.
96,RT @kunfaaya: Sacch hi hoga. He made Indian trains so #Atmnirbhar that a train scheduled for Gorakhpur reaches Rourkela.
97,Sacch hi hoga. He made Indian trains so #Atmnirbhar that a train scheduled for Gorakhpur reaches Rourkela.
98,RT @NoPosco: @UNDP_India @PrakashJavdekar @moefcc @UNFCCC @UNBiodiversity @UNEP_AsiaPac @CITES @UNinIndia @WWFINDIA @UNDPasiapac @UNDPClimaâ€¦
99,RT @NoPosco: @UNDP_India @PrakashJavdekar @moefcc @UNFCCC @UNBiodiversity @UNEP_AsiaPac @CITES @UNinIndia @WWFINDIA @UNDPasiapac @UNDPClimaâ€¦
100,@GargiRawat @ritvick_ab @LangaMahesh @WesternRly #AtmNirbhar Train...
101,RT @NoPosco: @UNDP_India @PrakashJavdekar @moefcc @UNFCCC @UNBiodiversity @UNEP_AsiaPac @CITES @UNinIndia @WWFINDIA @UNDPasiapac @UNDPClimaâ€¦
102,RT @chandan_samant: #FakeCases karne waliyo #GenderBiasedLaws ka misuse karne waliyo aur padhi likhi naukri karne layak lekin khud ko courtâ€¦
103,@UNDP_India @PrakashJavdekar @moefcc @UNFCCC @UNBiodiversity @UNEP_AsiaPac @CITES @UNinIndia @WWFINDIA @UNDPasiapacâ€¦ https://t.co/pC03vy7MAe
104,"RT @Mann_Banarasiya: PM @narendramodi ji announced Rs 1,000 crore as IMMEDIATE RELIEF FUND to Amphan-affected West Bengal.
Are you still wiâ€¦"
105,"#GTU
#mocktest
#atmnirbhar
Kaisa iska majak? https://t.co/j9585JunJ1"
106,"RT @amitkaggarwal8: Aise me jab #CoronaPandemic se puri duniya tabah ho rhi hai, to ek #chaiwale #fakir ne kaha k desh ko #atmnirbhar bananâ€¦"
107,RT @abhishaek: @5Forty3 #Atmnirbhar is being turned into a dirty word now and jokes are being invented using it. This is the deep rooted seâ€¦
108,RT @abhishaek: @5Forty3 #Atmnirbhar is being turned into a dirty word now and jokes are being invented using it. This is the deep rooted seâ€¦
109,"I think this is the best time for Anil Ambani to become #atmnirbhar..
Anyway, Modi ji is busy https://t.co/3S2dn6lGVL"
110,@imskasana @Ajaybis @IndiainToronto Be #atmnirbhar
111,RT @abhishaek: @5Forty3 #Atmnirbhar is being turned into a dirty word now and jokes are being invented using it. This is the deep rooted seâ€¦
112,"RT @Mann_Banarasiya: PM @narendramodi ji announced Rs 1,000 crore as IMMEDIATE RELIEF FUND to Amphan-affected West Bengal.
Are you still wiâ€¦"
113,RT @abhishaek: @5Forty3 #Atmnirbhar is being turned into a dirty word now and jokes are being invented using it. This is the deep rooted seâ€¦
114,RT @abhishaek: @5Forty3 #Atmnirbhar is being turned into a dirty word now and jokes are being invented using it. This is the deep rooted seâ€¦
115,"@anasinbox Lagta hai modi ji ki bat ko apne seriously le liya
#Atmnirbhar"
116,"People says "" i am atmnirbhar""
But fact is 
""They are aai-bap-varnirbhar""âœŒï¸
#atmnirbhar #imatmnirbhar"
117,"RT @Mann_Banarasiya: PM @narendramodi ji announced Rs 1,000 crore as IMMEDIATE RELIEF FUND to Amphan-affected West Bengal.
Are you still wiâ€¦"
118,"RT @Mann_Banarasiya: PM @narendramodi ji announced Rs 1,000 crore as IMMEDIATE RELIEF FUND to Amphan-affected West Bengal.
Are you still wiâ€¦"
119,"Aise me jab #CoronaPandemic se puri duniya tabah ho rhi hai, to ek #chaiwale #fakir ne kaha k desh ko #atmnirbhar bâ€¦ https://t.co/lHczsVlEzk"
120,"Fuck everything
Kuch nhi chahida apun #atmnirbhar hai.ğŸ˜ª https://t.co/StXroGSbQu"
121,"RT @Mann_Banarasiya: PM @narendramodi ji announced Rs 1,000 crore as IMMEDIATE RELIEF FUND to Amphan-affected West Bengal.
Are you still wiâ€¦"
122,RT @IndiaHistorypic: In 1956 Govt of India Established Heavy Electricals (India) Limited (HE(I)L) to Make India Self Reliant ( #atmnirbharâ€¦
123,RT @InderBirKaur60: @cskkanu @PMOIndia @vaastavngo @sifchandigarh @MensDayOutIndia @InsaafNGO @MenWelfare @sifbhopal @sifngp @SFFNGO @Daamaâ€¦
124,RT @chandan_samant: #FakeCases #GenderBiasedLaws ka misuse karne wali aur padhi likhi naukri karne layak lekin khud ko adalat me abla nariâ€¦
125,"RT @Mann_Banarasiya: PM @narendramodi ji announced Rs 1,000 crore as IMMEDIATE RELIEF FUND to Amphan-affected West Bengal.
Are you still wiâ€¦"
126,"RT @Mann_Banarasiya: PM @narendramodi ji announced Rs 1,000 crore as IMMEDIATE RELIEF FUND to Amphan-affected West Bengal.
Are you still wiâ€¦"
127,@jha_milind #atmnirbhar
128,RT @abhishaek: @5Forty3 #Atmnirbhar is being turned into a dirty word now and jokes are being invented using it. This is the deep rooted seâ€¦
129,"RT @Mann_Banarasiya: PM @narendramodi ji announced Rs 1,000 crore as IMMEDIATE RELIEF FUND to Amphan-affected West Bengal.
Are you still wiâ€¦"
130,RT @abhishaek: @5Forty3 #Atmnirbhar is being turned into a dirty word now and jokes are being invented using it. This is the deep rooted seâ€¦
131,"RT @Mann_Banarasiya: PM @narendramodi ji announced Rs 1,000 crore as IMMEDIATE RELIEF FUND to Amphan-affected West Bengal.
Are you still wiâ€¦"
132,RT @abhishaek: @5Forty3 #Atmnirbhar is being turned into a dirty word now and jokes are being invented using it. This is the deep rooted seâ€¦
133,"RT @Mann_Banarasiya: PM @narendramodi ji announced Rs 1,000 crore as IMMEDIATE RELIEF FUND to Amphan-affected West Bengal.
Are you still wiâ€¦"
134,"RT @Mann_Banarasiya: PM @narendramodi ji announced Rs 1,000 crore as IMMEDIATE RELIEF FUND to Amphan-affected West Bengal.
Are you still wiâ€¦"
135,"@ReallySwara @ashokepandit budhau sethiya gaye hn inka ilaaj zaruri hai ğŸ˜‚ğŸ˜‚ğŸ˜‚
Are o chacha #atmnirbhar bno kahe kisiâ€¦ https://t.co/g8JJ3hlBpk"
136,"RT @Mann_Banarasiya: PM @narendramodi ji announced Rs 1,000 crore as IMMEDIATE RELIEF FUND to Amphan-affected West Bengal.
Are you still wiâ€¦"
137,"RT @Mann_Banarasiya: PM @narendramodi ji announced Rs 1,000 crore as IMMEDIATE RELIEF FUND to Amphan-affected West Bengal.
Are you still wiâ€¦"
138,"Vidyarthi ki Pahchaan Khairaat nhi, #AtmNirbhar ta h!
Aaj ka Vidyarthi Dan se nhi, Pariksha aur Gyaan se h bdhega!â€¦ https://t.co/8qhzdodCS4"
139,"RT @Mann_Banarasiya: PM @narendramodi ji announced Rs 1,000 crore as IMMEDIATE RELIEF FUND to Amphan-affected West Bengal.
Are you still wiâ€¦"
140,"RT @Mann_Banarasiya: PM @narendramodi ji announced Rs 1,000 crore as IMMEDIATE RELIEF FUND to Amphan-affected West Bengal.
Are you still wiâ€¦"
141,RT @abhishaek: @5Forty3 #Atmnirbhar is being turned into a dirty word now and jokes are being invented using it. This is the deep rooted seâ€¦
142,"RT @Mann_Banarasiya: PM @narendramodi ji announced Rs 1,000 crore as IMMEDIATE RELIEF FUND to Amphan-affected West Bengal.
Are you still wiâ€¦"
143,"RT @Mann_Banarasiya: PM @narendramodi ji announced Rs 1,000 crore as IMMEDIATE RELIEF FUND to Amphan-affected West Bengal.
Are you still wiâ€¦"
144,"RT @Mann_Banarasiya: PM @narendramodi ji announced Rs 1,000 crore as IMMEDIATE RELIEF FUND to Amphan-affected West Bengal.
Are you still wiâ€¦"
145,"RT @Mann_Banarasiya: PM @narendramodi ji announced Rs 1,000 crore as IMMEDIATE RELIEF FUND to Amphan-affected West Bengal.
Are you still wiâ€¦"
146,"RT @Mann_Banarasiya: PM @narendramodi ji announced Rs 1,000 crore as IMMEDIATE RELIEF FUND to Amphan-affected West Bengal.
Are you still wiâ€¦"
147,"RT @Mann_Banarasiya: PM @narendramodi ji announced Rs 1,000 crore as IMMEDIATE RELIEF FUND to Amphan-affected West Bengal.
Are you still wiâ€¦"
148,"RT @Mann_Banarasiya: PM @narendramodi ji announced Rs 1,000 crore as IMMEDIATE RELIEF FUND to Amphan-affected West Bengal.
Are you still wiâ€¦"
149,"RT @Mann_Banarasiya: PM @narendramodi ji announced Rs 1,000 crore as IMMEDIATE RELIEF FUND to Amphan-affected West Bengal.
Are you still wiâ€¦"
150,"RT @Mann_Banarasiya: PM @narendramodi ji announced Rs 1,000 crore as IMMEDIATE RELIEF FUND to Amphan-affected West Bengal.
Are you still wiâ€¦"
151,"RT @Mann_Banarasiya: PM @narendramodi ji announced Rs 1,000 crore as IMMEDIATE RELIEF FUND to Amphan-affected West Bengal.
Are you still wiâ€¦"
152,"RT @Mann_Banarasiya: PM @narendramodi ji announced Rs 1,000 crore as IMMEDIATE RELIEF FUND to Amphan-affected West Bengal.
Are you still wiâ€¦"
153,"RT @Mann_Banarasiya: PM @narendramodi ji announced Rs 1,000 crore as IMMEDIATE RELIEF FUND to Amphan-affected West Bengal.
Are you still wiâ€¦"
154,"RT @Mann_Banarasiya: PM @narendramodi ji announced Rs 1,000 crore as IMMEDIATE RELIEF FUND to Amphan-affected West Bengal.
Are you still wiâ€¦"
155,"RT @Mann_Banarasiya: PM @narendramodi ji announced Rs 1,000 crore as IMMEDIATE RELIEF FUND to Amphan-affected West Bengal.
Are you still wiâ€¦"
156,"RT @Mann_Banarasiya: PM @narendramodi ji announced Rs 1,000 crore as IMMEDIATE RELIEF FUND to Amphan-affected West Bengal.
Are you still wiâ€¦"
157,"RT @Mann_Banarasiya: PM @narendramodi ji announced Rs 1,000 crore as IMMEDIATE RELIEF FUND to Amphan-affected West Bengal.
Are you still wiâ€¦"
158,"RT @Mann_Banarasiya: PM @narendramodi ji announced Rs 1,000 crore as IMMEDIATE RELIEF FUND to Amphan-affected West Bengal.
Are you still wiâ€¦"
159,"PM @narendramodi ji announced Rs 1,000 crore as IMMEDIATE RELIEF FUND to Amphan-affected West Bengal.
Are you stillâ€¦ https://t.co/oyLMdvTopi"
160,RT @abhishaek: @5Forty3 #Atmnirbhar is being turned into a dirty word now and jokes are being invented using it. This is the deep rooted seâ€¦
161,As per situation and circumstances the first thought came in my mind to become atmnirbhar is to start farming I salâ€¦ https://t.co/zWkyY4KtWX
162,RT @abhishaek: @5Forty3 #Atmnirbhar is being turned into a dirty word now and jokes are being invented using it. This is the deep rooted seâ€¦
163,RT @abhishaek: @5Forty3 #Atmnirbhar is being turned into a dirty word now and jokes are being invented using it. This is the deep rooted seâ€¦
164,@5Forty3 #Atmnirbhar is being turned into a dirty word now and jokes are being invented using it. This is the deepâ€¦ https://t.co/fD3WHxKJsl
165,RT @chandan_samant: #FakeCases #GenderBiasedLaws ka misuse karne wali aur padhi likhi naukri karne layak lekin khud ko adalat me abla nariâ€¦
166,#Atmnirbhar bano #selfish nahi https://t.co/aFuEal22ky
167,"@nofil_tweets Gala dabao

#atmnirbhar baniye"
168,RT @chandan_samant: #FakeCases karne waliyo #GenderBiasedLaws ka misuse karne waliyo aur padhi likhi naukri karne layak lekin khud ko courtâ€¦
169,"@HardeepSPuri #Atmnirbhar In wake of clarion call of PM, let GOI should think to change number pattern of Aircraftsâ€¦ https://t.co/Q418IxLaLS"
170,"RT @Cutex_Khushi: @RadhaRai28 Be good for no reason and don't expect anything from anyone 
Means #Atmnirbhar bano ğŸ˜‚"
171,"@RadhaRai28 Be good for no reason and don't expect anything from anyone 
Means #Atmnirbhar bano ğŸ˜‚"
172,"RT @cskkanu: Strong message for #GoldDigger #BloodSucker Women from @PMOIndia

#AtmNirbhar Bano 

Time to Scrap all the maintenance and aliâ€¦"
173,@chitraaum Dono party kyu isme congress ka kya hath hai jo bjp ne bus manga congress ne diy jo bs khrb hai usko hatâ€¦ https://t.co/KiHYMYaozI
174,RT @chandan_samant: #FakeCases #GenderBiasedLaws ka misuse karne wali aur padhi likhi naukri karne layak lekin khud ko adalat me abla nariâ€¦
175,RT @chandan_samant: #FakeCases karne waliyo #GenderBiasedLaws ka misuse karne waliyo aur padhi likhi naukri karne layak lekin khud ko courtâ€¦
176,hum sath milkar corona se ladenge https://t.co/IW2WsNwo7j #gofunjoke #gofunjokes #chutkule #chutkulehindiâ€¦ https://t.co/QNoGwsfBkC
177,@narendramodi We want to be #atmnirbhar so restablish #industryinbihar  to generate #IndianEconomy and at this timeâ€¦ https://t.co/pUiQpuYFWn
178,"@Vaidsudhir2 Good support to shining india,2019+++,
our,#moral,&amp;,#Technical support is always there to,
#pm,#india,â€¦ https://t.co/52KhBWXsac"
179,RT @chandan_samant: #FakeCases karne waliyo #GenderBiasedLaws ka misuse karne waliyo aur padhi likhi naukri karne layak lekin khud ko courtâ€¦
180,RT @chandan_samant: #FakeCases karne waliyo #GenderBiasedLaws ka misuse karne waliyo aur padhi likhi naukri karne layak lekin khud ko courtâ€¦
181,RT @chandan_samant: #FakeCases #GenderBiasedLaws ka misuse karne wali aur padhi likhi naukri karne layak lekin khud ko adalat me abla nariâ€¦
182,@narendramodi #AtmnirbharBharat the government should also invest in polycrack technology( which is an indigenous tâ€¦ https://t.co/Mtl9kIaRWh
183,"ATM-nirbhar.
All else is illusion :-) #atmnirbharbharat #atmnirbhar"
184,RT @chandan_samant: #FakeCases #GenderBiasedLaws ka misuse karne wali aur padhi likhi naukri karne layak lekin khud ko adalat me abla nariâ€¦
185,RT @chandan_samant: #FakeCases #GenderBiasedLaws ka misuse karne wali aur padhi likhi naukri karne layak lekin khud ko adalat me abla nariâ€¦
186,RT @chandan_samant: #FakeCases karne waliyo #GenderBiasedLaws ka misuse karne waliyo aur padhi likhi naukri karne layak lekin khud ko courtâ€¦
187,"RT @cskkanu: Strong message for #GoldDigger #BloodSucker Women from @PMOIndia

#AtmNirbhar Bano 

Time to Scrap all the maintenance and aliâ€¦"
188,RT @IndiaHistorypic: In 1956 Govt of India Established Heavy Electricals (India) Limited (HE(I)L) to Make India Self Reliant ( #atmnirbharâ€¦
189,It is high time when people of India must understand what Govt. means #Atmnirbhar
190,"True colour of govt committed for developing self reliant India 
#AtmaNirbharBharat #Atmnirbhar
https://t.co/HSdJgbKQ60"
191,"Who is responsible for this?
 Only #poorfightagainstcorona
#atmnirbhar #corona #coronaindonesia #coronaextraâ€¦ https://t.co/CHY0Nf0Qro"
192,"RT @cskkanu: Strong message for #GoldDigger #BloodSucker Women from @PMOIndia

#AtmNirbhar Bano 

Time to Scrap all the maintenance and aliâ€¦"
193,RT @IndiaHistorypic: In 1956 Govt of India Established Heavy Electricals (India) Limited (HE(I)L) to Make India Self Reliant ( #atmnirbharâ€¦
194,@tsrawatbjp #atmnirbhar à¤–à¥‡à¤¤à¥€à¤†à¤¤à¥à¤®à¤¨à¤¿à¤°à¥à¤­à¤° à¤¬à¤¨à¤¾ à¤¨à¥‡ à¤®à¥ˆ à¤ªà¥‚à¤°à¥à¤£ à¤°à¥‚à¤ª à¤¸à¥‡ à¤¸à¤•à¥à¤·à¤® à¤¹à¥ˆ à¤ªà¤° à¤®à¤¹à¥‹à¤¦à¤¯ à¤¯à¤¹à¤¾à¤ à¤ªà¤¹à¤¾à¤¡à¤¼à¥‹ à¤®à¥‡ à¤–à¥‡à¤¤à¥€ à¤•à¥€ à¤¬à¤¹à¥à¤¤ à¤¬à¥à¤°à¥€ à¤¦â€¦ https://t.co/F1WiZgfVHK
195,RT @chandan_samant: #FakeCases #GenderBiasedLaws ka misuse karne wali aur padhi likhi naukri karne layak lekin khud ko adalat me abla nariâ€¦
196,RT @IndiaHistorypic: In 1956 Govt of India Established Heavy Electricals (India) Limited (HE(I)L) to Make India Self Reliant ( #atmnirbharâ€¦
197,"RT @holdmybeerbro_: #atmanirbharata
#Feminism is #COVID__19
#FakeCases_498a_DV
#DomesticAbuse on Men
#arrestswatimaliwal
#boislockeroom
Telâ€¦"
198,"@MahuaMoitra Yep , stop taking salaries and perks from our taxes be #atmnirbhar"
199,"If we have to be #Atmnirbhar  then
Why do we need a Government? ğŸ¤”ğŸ¤”"
200,"RT @cskkanu: Scrap #GenderBiasedLaws against men

#AtmNirbhar Bano 
#GoldDigger #Girls https://t.co/UUR7l9K6s5"
201,"RT @cskkanu: Strong message for #GoldDigger #BloodSucker Women from @PMOIndia

#AtmNirbhar Bano 

Time to Scrap all the maintenance and aliâ€¦"
202,RT @chandan_samant: #FakeCases #GenderBiasedLaws ka misuse karne wali aur padhi likhi naukri karne layak lekin khud ko adalat me abla nariâ€¦
